tk,d,close,chg5d,chg1m,vs20,vs50,vs200,rsi,offHigh,offLow,volRatio
AAOI,2026-09-10,103.29,0.2,-23.1,-11.7,-10.5,0.5,30.0,-55.8,458.3,0.82
CIFR,2026-09-10,15.94,5.0,-7.4,-3.2,-16.0,-13.4,45.0,-47.1,36.0,1.1
COHR,2026-09-10,293.17,9.1,-10.8,-0.2,-2.8,5.1,51.0,-33.4,179.2,0.89
COST,2026-09-10,902.38,-2.8,-4.4,-4.1,-4.1,-6.0,38.0,-17.7,6.9,1.13
CRAK,2026-09-10,65.61,5.3,14.6,7.0,16.2,37.4,76.0,-1.3,84.8,1.45
DELL,2026-09-10,506.62,2.9,14.9,6.5,13.6,95.2,65.0,-10.0,359.6,1.21
DK,2026-09-10,74.89,4.8,17.1,6.3,15.4,64.6,69.0,-3.7,189.7,1.14
DRAM,2026-09-10,58.56,4.2,15.1,2.3,4.1,8.5,52.0,-28.0,124.0,0.86
EOSE,2026-09-10,3.99,10.5,-5.9,8.6,0.9,-51.5,58.0,-79.9,32.6,1.1
GOOGL,2026-09-10,332.6,-1.3,-3.3,-2.6,-4.3,-1.2,42.0,-18.6,41.0,1.09
HAWK,2026-09-10,16.42,-7.0,-34.6,-18.0,-20.1,-30.3,20.0,-54.0,2.4,1.3
IWM,2026-09-10,287.7,-2.1,-4.4,-3.2,-3.0,5.2,33.0,-5.7,25.7,1.07
LITE,2026-09-10,935.7,7.5,14.0,3.9,13.6,34.4,55.0,-13.8,533.0,1.08
META,2026-09-10,644.38,8.7,7.6,10.4,7.4,3.4,84.0,-15.1,23.9,1.27
MPC,2026-09-10,392.42,1.4,16.6,5.5,18.8,60.4,77.0,-3.1,142.3,0.88
MSFT,2026-09-10,492.44,-0.9,-2.3,-0.4,9.1,14.2,57.0,-11.1,41.0,0.85
MU,2026-09-10,977.41,2.2,12.5,1.7,5.1,58.1,50.0,-22.1,490.6,1.01
NIO,2026-09-10,3.58,-7.3,-22.5,-15.4,-21.6,-30.9,15.0,-55.4,0.3,1.28
NVDA,2026-09-10,218.36,-2.7,0.4,-1.0,2.9,10.7,51.0,-7.7,32.9,0.91
ORCL,2026-09-10,152.94,4.9,5.1,2.2,8.8,-8.9,59.0,-52.6,33.6,1.45
PANW,2026-09-10,338.49,3.0,-11.8,-5.1,-3.3,43.9,47.0,-15.1,142.5,0.92
PSX,2026-09-10,258.51,0.9,15.2,5.0,17.7,48.3,72.0,-2.0,104.0,0.92
RKLB,2026-09-10,61.96,-1.8,-22.6,-10.5,-15.2,-22.4,23.0,-59.0,64.9,1.25
SMH,2026-09-10,560.28,1.8,-2.2,-0.7,-1.7,16.5,49.0,-16.6,77.8,0.99
SNDK,2026-09-10,1692.59,9.0,33.2,6.0,10.9,64.9,58.0,-28.1,1411.2,0.83
SOFI,2026-09-10,17.21,-3.5,-4.3,-5.3,-3.6,-13.3,45.0,-47.4,15.7,0.83
SOXL,2026-09-10,115.76,8.8,-13.0,-4.6,-16.2,5.1,46.0,-61.7,311.7,0.98
USO,2026-09-10,158.38,12.2,24.1,16.8,25.1,45.7,79.0,-0.3,140.0,1.25
VICR,2026-09-10,178.05,-1.9,-15.6,-11.5,-19.8,-12.7,35.0,-53.5,266.9,0.65
VLO,2026-09-10,385.43,5.3,19.0,8.0,19.5,58.8,81.0,-2.1,148.2,1.21
BWET,2026-09-10,650.0,43.2,91.8,42.8,99.2,325.3,73.0,0.0,4686.5,0.59
DE,2026-09-10,677.94,-2.9,9.7,5.3,9.0,18.7,68.0,-4.0,56.6,0.85
SPY,2026-09-10,757.83,-1.0,-1.7,-1.3,-0.1,6.2,45.0,-2.8,20.4,1.07
SMTC,2026-09-10,159.13,18.9,21.3,15.0,19.5,46.1,73.0,-10.3,176.7,0.87
SOXX,2026-09-10,517.43,3.2,-3.1,-0.8,-2.9,18.9,48.0,-21.1,105.4,1.07
PLTR,2026-09-10,165.86,-2.1,-5.2,-5.8,8.3,9.5,44.5,-20.1,55.9,0.7
ZETA,2026-09-10,30.56,0.4,4.8,2.6,19.8,50.6,61.4,-6.9,112.7,0.74
